{
  "name": "jquery",
  "main": "dist/jquery.js",
  "license": "MIT",
  "ignore": [
    "package.json"
  ],
  "keywords": [
    "jquery",
    "javascript",
    "browser",
    "library"
  ],
  "homepage": "https://github.com/jquery/jquery-dist",
  "version": "3.0.0",
  "_release": "3.0.0",
  "_resolution": {
    "type": "version",
    "tag": "3.0.0",
    "commit": "0078f86be166a8747819d5d1516776a662cb69df"
  },
  "_source": "https://github.com/jquery/jquery-dist.git",
  "_target": "^3.0.0",
  "_originalSource": "jquery",
  "_direct": true
}